{"cameraMode":{"drawMode":0,"name":"Shaded","section":"Shading Mode"},"sceneLighting":false,"audioPlay":false,"sceneViewState":{"m_AlwaysRefresh":false,"showFog":true,"showSkybox":false,"showFlares":true,"showImageEffects":true,"showParticleSystems":true,"showVisualEffectGraphs":true,"m_FxEnabled":true},"in2DMode":false,"pivot":{"x":-9.880353927612305,"y":0.8213385939598084,"z":1.2459207773208619},"rotation":{"x":-0.10251975059509278,"y":-0.6380975842475891,"z":0.08627897500991821,"w":-0.7582015991210938},"size":0.000017320508050033823,"orthographic":false}