{"cameraMode":{"drawMode":0,"name":"Shaded","section":"Shading Mode"},"sceneLighting":false,"audioPlay":false,"sceneViewState":{"m_AlwaysRefresh":false,"showFog":true,"showSkybox":false,"showFlares":true,"showImageEffects":true,"showParticleSystems":true,"showVisualEffectGraphs":true,"m_FxEnabled":true},"in2DMode":false,"pivot":{"x":-0.1315862536430359,"y":0.07431787252426148,"z":-0.03174109011888504},"rotation":{"x":0.09502362459897995,"y":-0.4082609713077545,"z":0.04277706891298294,"w":0.9068923592567444},"size":1.8129533529281617,"orthographic":false}