{"cameraMode":{"drawMode":0,"name":"Shaded","section":"Shading Mode"},"sceneLighting":false,"audioPlay":false,"sceneViewState":{"m_AlwaysRefresh":false,"showFog":true,"showSkybox":false,"showFlares":true,"showImageEffects":true,"showParticleSystems":true,"showVisualEffectGraphs":true,"m_FxEnabled":true},"in2DMode":false,"pivot":{"x":0.05450725555419922,"y":-0.05331707000732422,"z":-0.06339693069458008},"rotation":{"x":0.01679941825568676,"y":-0.006299041677266359,"z":0.0001059399000951089,"w":0.9998365044593811},"size":5.752246379852295,"orthographic":false}