{"cameraMode":{"drawMode":0,"name":"Shaded","section":"Shading Mode"},"sceneLighting":false,"audioPlay":false,"sceneViewState":{"m_AlwaysRefresh":false,"showFog":true,"showSkybox":false,"showFlares":true,"showImageEffects":true,"showParticleSystems":true,"showVisualEffectGraphs":true,"m_FxEnabled":true},"in2DMode":false,"pivot":{"x":5.960464477539063e-8,"y":5.960464477539063e-8,"z":1.7881393432617188e-7},"rotation":{"x":0.2571374475955963,"y":-0.08105972409248352,"z":0.02165074646472931,"w":0.9627281427383423},"size":2.1874027252197267,"orthographic":false}