{"cameraMode":{"drawMode":0,"name":"Shaded","section":"Shading Mode"},"sceneLighting":false,"audioPlay":false,"sceneViewState":{"m_AlwaysRefresh":false,"showFog":true,"showSkybox":false,"showFlares":true,"showImageEffects":true,"showParticleSystems":true,"showVisualEffectGraphs":true,"m_FxEnabled":true},"in2DMode":false,"pivot":{"x":0.0005750656127929688,"y":-0.04315614700317383,"z":0.03594827651977539},"rotation":{"x":-0.13990861177444459,"y":-0.610703706741333,"z":0.11074919253587723,"w":-0.7714875340461731},"size":4.431936264038086,"orthographic":false}