{"cameraMode":{"drawMode":0,"name":"Shaded","section":"Shading Mode"},"sceneLighting":false,"audioPlay":false,"sceneViewState":{"m_AlwaysRefresh":false,"showFog":true,"showSkybox":false,"showFlares":true,"showImageEffects":true,"showParticleSystems":true,"showVisualEffectGraphs":true,"m_FxEnabled":true},"in2DMode":false,"pivot":{"x":-1.9990315437316895,"y":0.9643410444259644,"z":-1.692970633506775},"rotation":{"x":-0.10461980104446411,"y":-0.4312094449996948,"z":0.050419535487890246,"w":-0.8947426676750183},"size":2.4258649349212648,"orthographic":false}